番号,121,
全名,矢田寺 成美
小名,成美,
基础,体力,2000
基础,气力,1600
基础,勃起,1500
基础,精力,10000
基础,法力,1000
基础,情绪,1500
基础,理性,1000
基础,愤怒,1000
基础,工作量,0
基础,深度,2000
基础,酒气,1300
素质,处女,1
素质,性別,1
素质,态度,-1;坦率
素质,応答,-1;老實
素质,性的兴趣,1;好奇心
素质,痛觉,-1;不怕痛
素质,弄濕難易,1;容易濕
素质,快感応答,1;接受快感
;素质,Ｃ感度,1;Ｃ敏感
;素质,Ｖ感度,1;Ｖ敏感
;素质,Ａ感度,1;Ａ敏感
素质,Ｂ感度,1;Ｂ敏感
素质,胸圍,-1;貧乳
素质,人形,3;魔像
素质,追加种族,2;魔法使
能力,従順,1
能力,奉仕精神,1

能力,清扫技能,0
能力,话术技能,1
能力,战斗能力,2
能力,教养,3
能力,料理技能,0
能力,音乐技能,0
素质,伐木等级,0
素质,钓鱼等级,0
素质,采集等级,0
素质,调和等级,2

CFLAG,基本服装套装,221;服装
CFLAG,地位,400;地位
CFLAG,初期位置,544;開始位置
CFLAG,来访时间,660;11時
CFLAG,归宅时间,1260;21時
CFLAG,就寝时间,1440;24時
CFLAG,起床时间,480;8時
CFLAG,经常去的地方,5
CFLAG,自宅位置,530;古木的大樹
CFLAG,移動率補正,-5
CFLAG,移動節度,1
CFLAG,弹幕能力,48
CFLAG,语气,0
相性,11,150;魔理沙
相性,29,80;文
相性,106,120;董子

CSTR,10,～垂迹于森林的魔法地藏～　●种族：魔法使（地藏）　●能力：使用魔法程度的能力（生命操作）
