番号,46,;8-4
全名,明罗,
小名,明罗,
基础,体力,2400
基础,气力,1400
基础,勃起,1500
基础,法力,3100
基础,情绪,1500
基础,理性,1000
基础,愤怒,1000
基础,工作量,0
基础,深度,2000
基础,酒气,1800
素质,性別,1
素质,胆量,1;堅強
素质,难以越过的底线,1
素质,贞操,1;贞操重视
素质,自己愛,-1;圧抑
素质,抵抗,1
素质,痛觉,-1;不怕痛
素质,弄濕難易,-1;不易濕
素质,Ｖ感度,-1;Ｖ鈍感
素质,胸圍,1;巨乳
素质,回復速度,1;回復快
素质,人类,1
能力,欲望,1

能力,清扫技能,2
能力,话术技能,2
能力,战斗能力,1
能力,教养,2
能力,料理技能,1
能力,音乐技能,0
素质,伐木等级,3
素质,钓鱼等级,0
素质,采集等级,0
素质,调和等级,0

経験,Ｖ経験,1
経験,异常经验,1
CFLAG,基本服装套装,146;服装
CFLAG,地位,200;地位
CFLAG,初期位置,99;開始位置;EX
CFLAG,来访时间,600;10時
CFLAG,归宅时间,1200;20時
CFLAG,就寝时间,1380;23時
CFLAG,起床时间,300;5時
CFLAG,经常去的地方,0
;CFLAG,自宅位置,
CFLAG,弹幕能力,4
CFLAG,语气,3
CFLAG,别颜有,1
CFLAG,别力有,1
相性,1,120;灵梦