番号,31,;5-1
全名,东风谷 早苗,
小名,早苗,
基础,体力,2200
基础,气力,1500
基础,勃起,1500
基础,精力,10000
基础,法力,2500
基础,情绪,1500
基础,理性,1000
基础,愤怒,1000
基础,工作量,0
基础,深度,2000
基础,酒气,1200
素质,处女,1
素质,性別,1

;素质,态度,1;叛逆

素质,胆量,1;堅強
素质,自尊心,1;自尊心高
素质,性的兴趣,1;好奇心
素质,贞操,1;贞操重视
素质,自己愛,1;解放
素质,魅力,1
素质,人気,1
素质,Ｃ感度,1;Ｃ敏感
素质,Ｖ感度,1;Ｖ敏感
素质,酒量,-1;不擅喝酒
素质,人类,1
素质,追加种族,1;巫女
素质,掃除係,1
能力,施虐属性,1
能力,百合属性,1

能力,清扫技能,2
能力,话术技能,1
能力,战斗能力,3
能力,教养,2
能力,料理技能,1
能力,音乐技能,2
素质,伐木等级,0
素质,钓鱼等级,2
素质,采集等级,2
素质,调和等级,0

経験,自慰経験,10
経験,百合経験,10
CFLAG,基本服装套装,131;服装
CFLAG,地位,700;地位
CFLAG,初期位置,820
CFLAG,出現位置,21
CFLAG,来访时间,660;11時
CFLAG,归宅时间,1260;21時
CFLAG,就寝时间,60;1時
CFLAG,起床时间,480;8時
CFLAG,经常去的地方,8
CFLAG,自宅位置,850;守矢神社本殿
CFLAG,移動節度,1

CFLAG,427,3;山麓来訪率補正
CFLAG,457,732;山麓来訪位置
CFLAG,弹幕能力,146
CFLAG,语气,1
CFLAG,别颜有,2
CFLAG,别力有,2
相性,1,120;灵梦
相性,32,200;神奈子
相性,33,150;诹访子
相性,43,120;华扇
CSTR,工作情报,劝诱活动　周一、五　12时～16时
CSTR,职场,人里广场
CSTR,10,～祭祀风的人类～　●种族：人类　●能力：引发奇迹程度的能力
CFLAG,产假,1；40日目から休む
