番号,14,;0-4
全名,琪露诺,
小名,琪露诺,
基础,体力,2000
基础,气力,1100
基础,勃起,1500
基础,精力,10000
基础,法力,2000
基础,情绪,1500
基础,理性,1000
基础,愤怒,1000
基础,工作量,1000
基础,酒气,1200
素质,处女,1
素质,性別,1
素质,応答,1;傲慢
素质,性的兴趣,1;好奇心
素质,喜歡引人注目,1
素质,無知,1
素质,弄濕難易,1;容易濕
素质,習得速度,-1;学習慢
素质,Ｖ感度,1;Ｖ敏感
素质,胸圍,-1;貧乳
素质,体型,-2;幼児体型
素质,幼稚
素质,氷精,1
素质,妖精,1
能力,親密,2

能力,清扫技能,0
能力,话术技能,0
能力,战斗能力,1
能力,教养,0
能力,料理技能,0
能力,音乐技能,0
素质,伐木等级,0
素质,钓鱼等级,0
素质,采集等级,2
素质,调和等级,0

CFLAG,基本服装套装,114;服装
CFLAG,地位,200;地位;EX
CFLAG,初期位置,345;開始位置
CFLAG,来访时间,480;8時
CFLAG,归宅时间,1080;18時
CFLAG,就寝时间,1260;21時
CFLAG,起床时间,360;6時
CFLAG,经常去的地方,3
CFLAG,自宅位置,320;冰造的小雪屋
CFLAG,移動率補正,5
CFLAG,移動節度,-1
CFLAG,弹幕能力,8
CFLAG,语气,2
CFLAG,别颜有,3
CFLAG,别力有,3
相性,5,150;桑尼
相性,6,150;露娜
相性,7,150;斯塔
相性,13,200;大妖精
相性,18,50;莉莉Ｗ
相性,19,50;莉莉Ｂ
相性,27,200;莉格露
相性,61,50;妹红
相性,74,200;蕾蒂
CSTR,工作情报,玩游戏　周六・日　10时～16时　卖冰淇淋　夏日晴天时　10～15时
CSTR,职场,桑尼私室　人里
CSTR,10,～冰之小妖精～　●种族：冰妖精　●能力：操纵冷气程度的能力
CFLAG,产假,1；40日目から休む