番号,107,
全名,清兰,
小名,清兰,
基础,体力,2000
基础,气力,1400
基础,勃起,1500
基础,精力,10000
基础,法力,1000
基础,情绪,1500
基础,理性,1000
基础,愤怒,1000
基础,工作量,0
基础,深度,2000
基础,酒气,1800
素质,处女,1
素质,性別,1
素质,胆量,-1;膽怯
素质,态度,1;叛逆
素质,自尊心,1;自尊心高
素质,性的兴趣,1;好奇心
素质,贞操,-1;不在乎贞操
素质,羞恥心,-1;不知羞恥
素质,習得速度,1;学習快
素质,容易自慰,1
素质,倒錯的,1
素质,Ｃ感度,1;Ｃ敏感
素质,酒量,-1;不擅喝酒
素质,動物耳,2;兔耳
素质,掃除係,1
素质,妖怪,6;妖獣
能力,Ｃ感覚,1

能力,清扫技能,1
能力,话术技能,1
能力,战斗能力,2
能力,教养,1
能力,料理技能,2
能力,音乐技能,0
素质,伐木等级,0
素质,钓鱼等级,0
素质,采集等级,0
素质,调和等级,1

経験,Ｃ経験,10
経験,自慰経験,10
CFLAG,基本服装套装,207;服装
CFLAG,地位,200;地位
CFLAG,初期位置,1009;清兰宅
CFLAG,来访时间,420;7時
CFLAG,归宅时间,1320;22時
CFLAG,就寝时间,1440;24時
CFLAG,起床时间,360;6時
CFLAG,经常去的地方,10
CFLAG,自宅位置,1070
CFLAG,424,3;竹林来訪率補正
CFLAG,弹幕能力,4
CFLAG,语气,0
CFLAG,别颜有,1
相性,52,120;铃仙
相性,108,120;铃瑚
CSTR,10,～浅葱色的Eagle Rabbit～　●种族：玉兔　●能力：从异次元发射子弹程度的能力 
