番号,76,
全名,小野冢 小町,
小名,小町,
基础,体力,2000
基础,气力,1400
基础,勃起,1500
基础,情绪,1500
基础,理性,1000
基础,愤怒,1000
基础,深度,3000
基础,酒气,2000
素质,性別,1;女
素质,応答,1;傲慢
素质,开朗／阴郁,1;开朗
素质,贞操,-1;不在乎贞操
素质,羞恥心,-1;不知羞恥
素质,弄濕難易,1;容易濕
素质,倒錯的,1
素质,Ｃ感度,-1;Ｃ鈍感
素质,Ｂ感度,1;Ｂ敏感
素质,胸圍,1;巨乳
素质,神霊,2;死神
能力,Ｖ感覚,1
能力,Ｂ感覚,1
能力,親密,1
能力,従順,1
能力,欲望,1
能力,受虐属性,1
能力,百合属性,1

能力,清扫技能,1
能力,话术技能,3
能力,战斗能力,3
能力,教养,2
能力,料理技能,0
能力,音乐技能,1
素质,伐木等级,1
素质,钓鱼等级,3
素质,采集等级,2
素质,调和等级,0

経験,Ｖ経験,10
経験,絶頂経験,15
経験,自慰経験,5
経験,苦痛快楽経験,5
経験,会話経験,30
CFLAG,基本服装套装,176;服装
CFLAG,地位,750;地位
CFLAG,初期位置,616;開始位置
CFLAG,来访时间,600;10時
CFLAG,归宅时间,1080;18時
CFLAG,就寝时间,1320;22時
CFLAG,起床时间,420;7時
CFLAG,经常去的地方,-1
CFLAG,自宅位置,640;彼岸
CFLAG,427,2;山麓来訪率補正
CFLAG,457,724;山麓来訪位置
CFLAG,移動率補正,5
CFLAG,移動節度,-1
CFLAG,弹幕能力,25
CFLAG,语气,3
CFLAG,别颜有,1
CFLAG,别力有,1
相性,30,200;映姬
CSTR,工作情报,摆渡　周一三五　10时～16时（经常翘班）
CSTR,职场,三途之川
CSTR,10,～三途河畔的摆渡人～　●种族：死神　●能力：操纵距离程度的能力
CFLAG,产假,1；40日目から休む