番号,117,
全名,幻月,
小名,幻月,
基础,体力,2200
基础,气力,1400
基础,勃起,1500
基础,情绪,1500
基础,理性,1000
基础,愤怒,1000
基础,深度,3000
基础,酒气,1100
素质,处女,1
素质,性別,1
素质,自尊心,1;自尊心高
素质,性的兴趣,1;好奇心
素质,喜歡引人注目,1
素质,贞操,-1;不在乎贞操
素质,自己愛,1;解放
素质,羞恥心,-1;不知羞恥
素质,痛觉,-1;不怕痛
素质,弄濕難易,1;容易濕
素质,舌頭靈活,1
素质,容易自慰,1
素质,快感応答,1;接受快感
素质,倒錯的,1
素质,性別嗜好,-1;兩面通吃
素质,施虐狂,1
素质,小悪魔,1
素质,Ｃ感度,1;Ｃ敏感
素质,Ｖ感度,1;Ｖ敏感
素质,胸圍,-1;貧乳
素质,妖怪,9;悪魔
能力,欲望,1
能力,技巧,2
能力,百合属性,3

能力,清扫技能,1
能力,话术技能,1
能力,战斗能力,4
能力,教养,4
能力,料理技能,2
能力,音乐技能,0
素质,伐木等级,0
素质,钓鱼等级,0
素质,采集等级,0
素质,调和等级,3

経験,Ｃ経験,20
経験,自慰経験,50
経験,百合経験,50
CFLAG,基本服装套装,217;服装
CFLAG,地位,1000;地位
CFLAG,初期位置,459;開始位置
CFLAG,来访时间,600;10時
CFLAG,归宅时间,1320;22時
CFLAG,就寝时间,1380;23時
CFLAG,起床时间,420;7時
CFLAG,经常去的地方,4
CFLAG,自宅位置,490
CFLAG,弹幕能力,328
CFLAG,语气,0
CFLAG,别颜有,2
CFLAG,别力有,2
相性,116,250;梦月
CSTR,10,～梦幻世界之主～　●种族：恶魔
CSTR,11,　
CSTR,12,与妹妹梦月一同成为梦幻世界的主宰，两人独当一面
CSTR,13,姐妹俩都拥有最强级别的实力
CSTR,14,　
CSTR,15,对于有过恋爱经验的妹妹，内心感到强烈的落后
CSTR,16,拥有高度的自尊心，但内心却是个纯洁的少女，不擅长与异性相处
CSTR,17,为了“不输给”梦月，或许会表现得很积极
