番号,13,;0-3
全名,大妖精,
小名,大妖精,
基础,体力,1900
基础,气力,1100
基础,勃起,1500
基础,精力,10000
基础,法力,500
基础,情绪,1500
基础,理性,1000
基础,愤怒,1000
基础,工作量,0
基础,深度,2000
基础,酒气,1300
素质,处女,1
素质,性別,1
素质,胆量,-1;膽怯
素质,态度,-1;坦率
素质,応答,-1;老實
素质,性的兴趣,1;好奇心
素质,無知,1
素质,羞恥心,1;害羞
素质,性別嗜好,1;討厭男人
素质,体型,-2;幼児体型
素质,妖精,1
素质,掃除係,1
能力,Ｃ感覚,1
能力,親密,2
能力,従順,1
能力,欲望,1

能力,清扫技能,2
能力,话术技能,1
能力,战斗能力,1
能力,教养,0
能力,料理技能,2
能力,音乐技能,1
素质,伐木等级,0
素质,钓鱼等级,1
素质,采集等级,3
素质,调和等级,0

経験,絶頂経験,1
経験,自慰経験,3
CFLAG,基本服装套装,113;服装
CFLAG,地位,100;地位
CFLAG,初期位置,346;開始位置;EX
CFLAG,来访时间,480;8時
CFLAG,归宅时间,1080;18時
CFLAG,就寝时间,1260;21時
CFLAG,起床时间,360;6時
CFLAG,经常去的地方,3
CFLAG,自宅位置,310;雾之湖
CFLAG,移動節度,1
CFLAG,弹幕能力,2
CFLAG,语气,1
CFLAG,别颜有,3
CFLAG,别力有,3

相性,14,300;琪露诺
CSTR,工作情报,玩游戏　周六・日　10时～16时
CSTR,职场,桑尼私室
CSTR,10,～现身于雾中的妖精～　●种族：妖精　●能力：在雾中畅游程度的能力