番号,30,;4-4
全名,四季 映姬,
小名,映姬,
基础,体力,1900
基础,气力,1800
基础,勃起,1500
基础,精力,10000
基础,法力,4000
基础,情绪,1500
基础,理性,1000
基础,愤怒,1000
基础,工作量,10000
基础,深度,1000
基础,酒气,1800
素质,处女,1
素质,性別,1
素质,胆量,1;堅強
素质,自制心,1
素质,冷漠,1
素质,性的兴趣,-1;保守的
素质,难以越过的底线,1
素质,贞操,1;贞操重视
素质,羞恥心,1;害羞
素质,弄濕難易,1;容易濕
素质,献身的,1
素质,快感応答,-1;否定快感
素质,鼓舞,1
素质,Ａ感度,1;Ａ敏感
素质,胸圍,-1;貧乳
素质,具現,
素质,神霊,3;閻魔
素质,掃除係,1
能力,従順,1
能力,奉仕精神,1

能力,清扫技能,2
能力,话术技能,4
能力,战斗能力,5
能力,教养,4
能力,料理技能,1
能力,音乐技能,0
素质,伐木等级,0
素质,钓鱼等级,0
素质,采集等级,0
素质,调和等级,0

経験,自慰経験,5
CFLAG,基本服装套装,130;服装
CFLAG,地位,2000;地位
CFLAG,初期位置,615;開始位置;EX
CFLAG,来访时间,540;9時
CFLAG,归宅时间,1200;20時
CFLAG,就寝时间,1440;24時
CFLAG,起床时间,360;6時
CFLAG,经常去的地方,6
CFLAG,自宅位置,640;彼岸
CFLAG,移動節度,1
CFLAG,弹幕能力,391
CFLAG,大家候補,618
CFLAG,居住必要信賴度,300
CFLAG,语气,1
CFLAG,别颜有,3
CFLAG,别力有,3
CFLAG,产假,-1	;産休無

相性,26,110;紫
相性,66,110;幽幽子
相性,76,150;小町
相性,129,150;久侘歌
相性,156,80;日狭美
CSTR,工作情报,审判和事务工作　两天一次　9时～19时
CSTR,职场,是非曲直厅法庭
CSTR,10,～乐园的最高裁判长～　●种族：阎魔　●能力：判断是非黑白程度的能力
