番号,156,
全名,豫母都 日狭美
小名,日狭美,
基础,体力,2500
基础,气力,2200
基础,勃起,1500
基础,精力,10000
基础,法力,1000
基础,情绪,1500
基础,理性,1000
基础,愤怒,1000
基础,工作量,0
基础,深度,2000
基础,酒气,1700
素质,处女,1
素质,性別,1

素质,応答,1;傲慢
素质,冷漠,1
素质,自己愛,1;解放
素质,羞恥心,-1;不知羞恥
素质,弄濕難易,1;容易濕
素质,快感応答,1;接受快感
素质,献身的,1
素质,倒錯的,1
素质,性別嗜好,-1;両刀
素质,受虐狂,1
素质,魅惑,1

能力,欲望,3
能力,受虐属性,3
素质,体型,1;長身
素质,Ｃ感度,0;
素质,Ｖ感度,0;
素质,Ａ感度,0;
素质,Ｂ感度,1;敏感
素质,Ｍ感度,0;
素质,胸圍,1;巨乳
素质,酒量,0;お酒普通
素质,妖怪,1;妖怪

能力,清扫技能,2
能力,话术技能,2
能力,战斗能力,4
能力,教养,2
能力,料理技能,3
能力,音乐技能,0
素质,伐木等级,0
素质,钓鱼等级,0
素质,采集等级,2
素质,调和等级,0

CFLAG,基本服装套装,256;服装
CFLAG,地位,650;地位
CFLAG,初期位置,606;日狭美の家
CFLAG,来访时间,600;10時
CFLAG,归宅时间,1380;23時
CFLAG,就寝时间,60;1時
CFLAG,起床时间,420;7時
CFLAG,经常去的地方,6;三途の川～冥界
CFLAG,自宅位置,670;地獄
;CFLAG,移動率補正,
CFLAG,移動節度,-1
CFLAG,语气,1;～です系
CFLAG,别颜有,2
CFLAG,别力有,2
相性,157,300;残無

CSTR,工作情报,
CSTR,职场,

CSTR,10,～地狱的美貌跟踪狂～　●种族：黄泉丑女　●能力：使目标无处可逃程度的能力
