番号,148,
全名,萨拉,
小名,萨拉,
基础,体力,2200
基础,气力,1300
基础,勃起,1500
基础,精力,10000
基础,法力,1000
基础,情绪,1500
基础,理性,1000
基础,愤怒,1000
基础,工作量,0
基础,深度,2000
基础,酒气,1500

素质,处女,1
素质,性別,1
素质,态度,-1;素直
素质,応答,1;生意気
素质,自制心,1
素质,喜歡引人注目,1
素质,贞操,1;贞操観念
素质,献身的,1
素质,Ｃ感度,1
素质,Ｂ感度,-1
素质,胸圍,1
素质,習得速度,1;習得早い
素质,回復速度,1;回復早い
素质,人类,5 ;makai

能力,清扫技能,0
能力,话术技能,1
能力,战斗能力,1
能力,教养,1
能力,料理技能,1
能力,音乐技能,0
素质,伐木等级,1
素质,钓鱼等级,1
素质,采集等级,3
素质,调和等级,2

経験,自慰経験,20

CFLAG,基本服装套装,248;服装
CFLAG,地位,100;地位
CFLAG,初期位置,99;開始位置
CFLAG,来访时间,540;9時
CFLAG,归宅时间,1200;20時
CFLAG,起床时间,420;7時
CFLAG,就寝时间,1320;22時
;CFLAG,起床时间,540;9時
;CFLAG,就寝时间,1200;20時
CFLAG,经常去的地方,5
;CFLAG,自宅位置,510
;CSTR,工作情报,
;CSTR,职场,
CFLAG,弹幕能力,257
CFLAG,语气,0

CSTR,10,～魔界的门卫～　●种族：魔界人

CFLAG,移動節度,-1

相性,102,200 ;Shinki
相性,48,150 ;Louise
相性,104,160 ;Yuki
相性,105,150 ;Mai (PC-98)
相性,103,150 ;Yumeko
相性,58,120 ;Meiling
相性,114,120 ;Kurumi
相性,17,150 ;Alice
