番号,37,;6-3
全名,灵乌路 空,
小名,阿空
基础,体力,2300
基础,气力,1000
基础,勃起,1500
基础,精力,10000
基础,法力,2300
基础,情绪,1500
基础,理性,1000
基础,愤怒,1000
基础,工作量,0
基础,深度,1000
基础,酒气,1400
素质,处女,1
素质,性別,1
素质,态度,1;叛逆
素质,応答,1;傲慢
素质,性的兴趣,1;好奇心
素质,喜歡引人注目,1
素质,弄濕難易,-1;不易濕
素质,習得速度,-1;学習慢
素质,体型,1;長身
素质,胸圍,1;巨乳
素质,日光浴,1
素质,具現
素质,妖怪,7;妖鳥

能力,清扫技能,0
能力,话术技能,0
能力,战斗能力,5
能力,教养,0
能力,料理技能,0
能力,音乐技能,0
素质,伐木等级,0
素质,钓鱼等级,0
素质,采集等级,2
素质,调和等级,0

経験,絶頂経験,1
経験,自慰経験,15
経験,百合経験,50
CFLAG,基本服装套装,137;服装
CFLAG,地位,400;地位
CFLAG,初期位置,911;開始位置
CFLAG,来访时间,600;10時
CFLAG,归宅时间,1200;20時
CFLAG,就寝时间,1320;22時
CFLAG,起床时间,480;8時
CFLAG,经常去的地方,9
CFLAG,自宅位置,960;地霊殿
CFLAG,弹幕能力,396
CFLAG,语气,3
CFLAG,别颜有,2
CFLAG,别力有,2
相性,32,110;神奈子
相性,36,150;阿燐
相性,38,110;恋
相性,49,120;覚
CSTR,工作情报,维护核聚变炉　10～13时
CSTR,职场,间歇泉地下中枢
CSTR,10,～难以驾驭的神之火～　●种族：地狱鸦　●能力：操纵核聚变程度的能力
CFLAG,产假,2；60日目から休む