別顔3_服_通常_63,63_顔.webp,0,0,180,180
別顔3_服_笑顔_63,63_顔.webp,180,0,180,180
別顔3_服_憤怒_63,63_顔.webp,360,0,180,180
別顔3_服_発情_63,63_顔.webp,900,0,180,180
別顔3_裸_通常_63,63_顔.webp,0,180,180,180
別顔3_裸_笑顔_63,63_顔.webp,180,180,180,180
別顔3_裸_憤怒_63,63_顔.webp,360,180,180,180
別顔3_裸_発情_63,63_顔.webp,900,180,180,180
別顔3_裸_自慰_63,63_顔.webp,720,180,180,180
別顔3_裸_愛撫_63,63_顔.webp,0,360,180,180
別顔3_裸_性交_63,63_顔.webp,180,360,180,180
別顔3_照れ_63,63_顔.webp,540,0,180,180
別顔3_吐息_63,63_顔.webp,360,360,180,180
別顔3_汗_63,63_顔.webp,540,360,180,180
