番号,79,
全名,键山 雏,
小名,雏,
基础,体力,1500
基础,气力,1800
基础,勃起,1500
基础,情绪,1500
基础,理性,1000
基础,愤怒,1000
基础,深度,3000
基础,酒气,2000
素质,性別,1;女
素质,感情缺乏,1
素质,开朗／阴郁,-1;阴郁
素质,自己愛,-1;圧抑
素质,痛觉,1;怕痛
素质,擅长用针,1
素质,薬毒耐性,1
素质,汚臭耐性,2;汚臭無視
素质,献身的,1
素质,Ｃ感度,1;Ｃ敏感
素质,Ａ感度,1;Ａ敏感
素质,鼓舞,1
素质,神霊,1
能力,技巧,1
能力,奉仕精神,3
能力,受虐属性,2

能力,清扫技能,4
能力,话术技能,1
能力,战斗能力,2
能力,教养,2
能力,料理技能,1
能力,音乐技能,1
素质,掃除係,1
素质,伐木等级,0
素质,钓鱼等级,0
素质,采集等级,1
素质,调和等级,0

経験,Ｖ経験,5
経験,精液経験,20
経験,奉仕快楽経験,10
経験,苦痛快楽経験,10
経験,緊縛経験,5
経験,异常经验,65535
CFLAG,基本服装套装,179;服装
CFLAG,地位,400;地位
CFLAG,初期位置,706;開始位置
CFLAG,来访时间,540;9時
CFLAG,归宅时间,1140;19時
CFLAG,就寝时间,1260;21時
CFLAG,起床时间,360;6時
CFLAG,经常去的地方,7
CFLAG,自宅位置,710;山麓樹海
CFLAG,弹幕能力,16
CFLAG,语气,0
CFLAG,别颜有,1
CFLAG,别力有,1
CSTR,工作情报,收集厄运
CSTR,职场,山麓树海
CSTR,10,～秘神流雏～　●种族：厄神　●能力：储存厄运程度的能力
CFLAG,产假,2；60日目から休む