番号,159,
全名,博丽 先代,
小名,先代,
基础,体力,3500
基础,气力,3000
基础,勃起,1500
基础,精力,10000
基础,法力,3000
基础,情绪,1500
基础,理性,1000
基础,愤怒,1000
基础,工作量,0
基础,深度,1000
基础,酒气,2400
素质,处女,1
素质,性別,1
素质,开朗／阴郁,1;开朗
素质,难以越过的底线,1
素质,快感応答,1;接受快感
素质,贞操,-1;不在乎贞操
素质,痛觉,-1;不怕痛
素质,体型,1;長身
素质,谜之魅力,1
素质,禁断的知識,1
素质,施虐狂,1
素质,Ｍ感度,-1;Ｍ鈍感
素质,Ｖ感度,-1;Ｖ鈍感
素质,酒量,1;擅于喝酒
素质,人类,1
素质,性別嗜好,-1;兩面通吃
素质,追加种族,1;巫女

能力,百合属性,3
能力,清扫技能,2
能力,话术技能,1
能力,战斗能力,6
能力,教养,3
能力,料理技能,3
能力,音乐技能,0
素质,伐木等级,0
素质,钓鱼等级,0
素质,采集等级,2
素质,调和等级,0

経験,Ｖ経験,50
経験,自慰経験,50
経験,百合経験,100
CFLAG,基本服装套装,259;服装
CFLAG,地位,5000;地位
;信仰対象だし別に地位無駄に高くてもいいよね
CFLAG,初期位置,69;開始位置
CFLAG,神社在住,69
CFLAG,来访时间,540;9時
CFLAG,归宅时间,1140;19時
CFLAG,就寝时间,1380;22時
CFLAG,起床时间,360;5時
CFLAG,自宅位置,40
CFLAG,固有指令,1
;CFLAG,大家候補,9
CFLAG,经常去的地方,0
CFLAG,弹幕能力,387
CFLAG,产假,2；60日目から休む
CFLAG,别颜有,3
CFLAG,别力有,3
相性,1,200;灵梦
相性,11,120;魔理沙
相性,26,180;紫
相性,43,80;华扇
相性,64,80;勇仪
相性,12,200;露米娅
CSTR,工作情报,清掃神社　毎朝　6時～8時
CSTR,职场,境内周辺
CSTR,9,神社の居間
CSTR,10,～先代的巫女～　●种族：人类　●能力：主要是用拳头将妖怪轰杀的程度的能力
