番号,112,
全名,纯狐,
小名,纯狐,
基础,体力,2000
基础,气力,1900
基础,勃起,1500
基础,精力,10000
基础,法力,1000
基础,情绪,1500
基础,理性,1000
基础,愤怒,1000
基础,工作量,0
基础,深度,2000
基础,酒气,2100
素质,性別,1
素质,胆量,1;堅強
素质,応答,-1;老實
素质,自尊心,1;自尊心高
素质,贞操,1;贞操重视
素质,自己愛,-1;圧抑
素质,抵抗,1
素质,痛觉,-1;不怕痛
素质,擅长用针,1
素质,汚臭耐性,-1;汚臭敏感
素质,献身的,1
素质,性別嗜好,3;不信任人類
素质,胸圍,1;巨乳
素质,ヒップサイズ,1;潤臀
素质,Ｃ感度,1;Ｃ敏感
素质,Ｂ感度,1;Ｂ敏感
素质,酒量,1;擅于喝酒
素质,母性,1
素质,神霊,1
素质,人妻,2;未亡人
能力,Ｃ感覚,1
能力,Ｖ感覚,1
能力,Ｂ感覚,1
能力,技巧,1

能力,清扫技能,3
能力,话术技能,1
能力,战斗能力,5
能力,教养,3
能力,料理技能,1
能力,音乐技能,2
素质,伐木等级,0
素质,钓鱼等级,0
素质,采集等级,0
素质,调和等级,1

経験,Ｖ経験,20
経験,Ｍ経験,1
経験,絶頂経験,1
経験,精液経験,5
経験,异常经验,1
経験,出産経験,10
CFLAG,基本服装套装,212;服装
CFLAG,地位,1000;地位
CFLAG,初期位置,1071;纯狐私室
CFLAG,来访时间,540;9時
CFLAG,归宅时间,1260;21時
CFLAG,就寝时间,1440;24時
CFLAG,起床时间,360;6時
CFLAG,大家候補,1063
CFLAG,居住必要信賴度,200
CFLAG,经常去的地方,10
CFLAG,自宅位置,1090
CFLAG,424,7;竹林来訪率補正
CFLAG,弹幕能力,849
CFLAG,语气,0
CFLAG,别颜有,2
CFLAG,别力有,2
相性,72,80;永琳
相性,111,180;克劳恩皮丝
相性,113,180;へカーティア
CSTR,10,～无穷无尽的仇怨～　●种族：神灵　●能力：纯化程度的能力 
