顔絵_服_通常_87,87_顔.webp,0,0,180,180
顔絵_服_笑顔_87,87_顔.webp,180,0,180,180
顔絵_服_憤怒_87,87_顔.webp,360,0,180,180
顔絵_服_発情_87,87_顔.webp,900,0,180,180
顔絵_裸_通常_87,87_顔.webp,0,180,180,180
顔絵_裸_笑顔_87,87_顔.webp,180,180,180,180
顔絵_裸_憤怒_87,87_顔.webp,360,180,180,180
顔絵_裸_発情_87,87_顔.webp,900,180,180,180
顔絵_裸_自慰_87,87_顔.webp,720,180,180,180
顔絵_裸_愛撫_87,87_顔.webp,0,360,180,180
顔絵_裸_性交_87,87_顔.webp,180,360,180,180
顔絵_照れ_87,87_顔.webp,540,0,180,180
顔絵_裸照れ_87,87_顔.webp,540,0,180,180
顔絵_吐息_87,87_顔.webp,360,360,180,180
顔絵_汗_87,87_顔.webp,540,360,180,180
顔絵_お口_87,87_顔.webp,900,360,180,180
顔絵_ぶっかけ_87,87_顔.webp,720,360,180,180
顔絵_母乳_87,87_顔.webp,540,180,180,180
