番号,129,
全名,庭渡 久侘歌
小名,久侘歌,
基础,体力,1800
基础,气力,1800
基础,勃起,1500
基础,精力,10000
基础,法力,1000
基础,情绪,1500
基础,理性,1000
基础,愤怒,1000
基础,工作量,0
基础,深度,2000
基础,酒气,1600
素质,处女,1
素质,性別,1
素质,自制心,1
素质,性的兴趣,-1;保守的
素质,难以越过的底线,1
素质,贞操,1;贞操重视
素质,習得速度,-1;学習慢
素质,献身的,1
素质,治療,1
素质,神霊,1
能力,親密,1
能力,従順,1

能力,清扫技能,3
能力,话术技能,2
能力,战斗能力,3
能力,教养,3
能力,料理技能,1
能力,音乐技能,1
素质,伐木等级,0
素质,钓鱼等级,0
素质,采集等级,1
素质,调和等级,1

CFLAG,基本服装套装,229;服装
CFLAG,地位,650;地位
CFLAG,初期位置,851;開始位置
CFLAG,来访时间,420;7時
CFLAG,归宅时间,1080;18時
CFLAG,就寝时间,1260;21時
CFLAG,起床时间,360;6時
CFLAG,经常去的地方,6;三途之川～冥界
CFLAG,自宅位置,820;絶景之丘
;CFLAG,移動率補正,
CFLAG,移動節度,1
CFLAG,语气,1
相性,30,150;映姬
CSTR,工作情报,口岸守卫　平日　9时～15时
CSTR,职场,彼岸
CSTR,10,～地狱口岸的守护神～　●种族：神明　●能力：治愈喉疾程度的能力
