番号,53,
全名,因幡 帝,
小名,帝,
基础,体力,2000
基础,气力,1400
基础,勃起,1500
基础,精力,10000
基础,法力,4000
基础,情绪,1500
基础,理性,1000
基础,愤怒,1000
基础,工作量,0
基础,深度,2000
基础,酒气,1800
素质,性別,1
素质,応答,1;傲慢
素质,性的兴趣,1;好奇心
素质,开朗／阴郁,1;开朗
素质,痛觉,1;怕痛
素质,汚臭耐性,-1;汚臭敏感
素质,小悪魔,1
素质,体型,-2;幼児体型
素质,胸圍,-1;貧乳
素质,ヒップサイズ,-1;小臀
素质,動物耳,2;兔耳
素质,幼稚,1
素质,妖怪,6;妖獣
能力,Ｖ感覚,1
能力,技巧,1
能力,百合属性,1

能力,清扫技能,0
能力,话术技能,3
能力,战斗能力,2
能力,教养,3
能力,料理技能,1
能力,音乐技能,1
素质,伐木等级,2
素质,钓鱼等级,3
素质,采集等级,3
素质,调和等级,3

経験,Ｖ経験,35
経験,絶頂経験,25
経験,自慰経験,55
経験,百合経験,30
経験,异常经验,1
CFLAG,基本服装套装,153;服装
CFLAG,地位,200;地位
CFLAG,初期位置,410;開始位置
CFLAG,来访时间,720;12時
CFLAG,归宅时间,1260;21時
CFLAG,就寝时间,1320;22時
CFLAG,起床时间,480;8時
CFLAG,经常去的地方,4
CFLAG,自宅位置,450;永遠亭
CFLAG,移動率補正,5
CFLAG,移動節度,-1
CFLAG,弹幕能力,144
CFLAG,语气,2
CFLAG,别颜有,2
CFLAG,别力有,2
相性,52,130;铃仙
相性,62,120;辉夜
相性,72,150;永琳
;相性,110;
CSTR,10,～幸运的白兔～　●种族：妖怪兔　●能力：使人类变得幸运程度的能力